journee,home,away,scores,home_goal,away_goal,ht_home_goal,ht_away_goal
1. Journée,Girondins Bordeaux,FC Nantes,0:0 (0:0),0,0,0,0
1. Journée,Dijon FCO,Angers SCO,0:1 (0:1),0,1,0,1
1. Journée,Lille OSC,Stade Rennes,1:1 (1:0),1,1,1,0
1. Journée,AS Monaco,Stade Reims,2:2 (1:2),2,2,1,2
1. Journée,FC Lorient,RC Strasbourg,3:1 (0:1),3,1,0,1
1. Journée,Nîmes Olympique,Stade Brest,4:0 (2:0),4,0,2,0
1. Journée,OGC Nice,RC Lens,2:1 (1:1),2,1,1,1
1. Journée,Montpellier HSC,Olympique Lyon,2:1 (1:0),2,1,1,0
1. Journée,Paris Saint-Germain,FC Metz,1:0 (0:0),1,0,0,0
1. Journée,Olympique Marseille,AS Saint-Étienne,0:2 (0:1),0,2,0,1
2. Journée,Olympique Lyon,Dijon FCO,4:1 (3:1),4,1,3,1
2. Journée,Stade Rennes,Montpellier HSC,2:1 (1:0),2,1,1,0
2. Journée,RC Strasbourg,OGC Nice,0:2 (0:1),0,2,0,1
2. Journée,Stade Reims,Lille OSC,0:1 (0:1),0,1,0,1
2. Journée,Angers SCO,Girondins Bordeaux,0:2 (0:2),0,2,0,2
2. Journée,FC Metz,AS Monaco,0:1 (0:1),0,1,0,1
2. Journée,FC Nantes,Nîmes Olympique,2:1 (2:0),2,1,2,0
2. Journée,AS Saint-Étienne,FC Lorient,2:0 (1:0),2,0,1,0
2. Journée,Stade Brest,Olympique Marseille,2:3 (1:2),2,3,1,2
2. Journée,RC Lens,Paris Saint-Germain,1:0 (0:0),1,0,0,0
3. Journée,Girondins Bordeaux,Olympique Lyon,0:0 (0:0),0,0,0,0
3. Journée,Montpellier HSC,OGC Nice,3:1 (1:0),3,1,1,0
3. Journée,AS Saint-Étienne,RC Strasbourg,2:0 (0:0),2,0,0,0
3. Journée,Lille OSC,FC Metz,1:0 (0:0),1,0,0,0
3. Journée,Angers SCO,Stade Reims,1:0 (0:0),1,0,0,0
3. Journée,Dijon FCO,Stade Brest,0:2 (0:1),0,2,0,1
3. Journée,FC Lorient,RC Lens,2:3 (1:2),2,3,1,2
3. Journée,Nîmes Olympique,Stade Rennes,2:4 (1:2),2,4,1,2
3. Journée,AS Monaco,FC Nantes,2:1 (1:0),2,1,1,0
3. Journée,Paris Saint-Germain,Olympique Marseille,0:1 (0:1),0,1,0,1
4. Journée,Olympique Lyon,Nîmes Olympique,0:0 (0:0),0,0,0,0
4. Journée,RC Lens,Girondins Bordeaux,2:1 (0:0),2,1,0,0
4. Journée,Stade Rennes,AS Monaco,2:1 (0:1),2,1,0,1
4. Journée,OGC Nice,Paris Saint-Germain,0:3 (0:2),0,3,0,2
4. Journée,Stade Brest,FC Lorient,3:2 (2:1),3,2,2,1
4. Journée,FC Metz,Stade Reims,2:1 (1:1),2,1,1,1
4. Journée,Montpellier HSC,Angers SCO,4:1 (2:1),4,1,2,1
4. Journée,RC Strasbourg,Dijon FCO,1:0 (0:0),1,0,0,0
4. Journée,FC Nantes,AS Saint-Étienne,2:2 (0:1),2,2,0,1
4. Journée,Olympique Marseille,Lille OSC,1:1 (0:0),1,1,0,0
5. Journée,Lille OSC,FC Nantes,2:0 (1:0),2,0,1,0
5. Journée,AS Saint-Étienne,Stade Rennes,0:3 (0:1),0,3,0,1
5. Journée,Olympique Marseille,FC Metz,1:1 (0:0),1,1,0,0
5. Journée,Girondins Bordeaux,OGC Nice,0:0 (0:0),0,0,0,0
5. Journée,Angers SCO,Stade Brest,3:2 (1:2),3,2,1,2
5. Journée,Dijon FCO,Montpellier HSC,2:2 (1:0),2,2,1,0
5. Journée,AS Monaco,RC Strasbourg,3:2 (2:0),3,2,2,0
5. Journée,Nîmes Olympique,RC Lens,1:1 (0:1),1,1,0,1
5. Journée,FC Lorient,Olympique Lyon,1:1 (0:0),1,1,0,0
5. Journée,Stade Reims,Paris Saint-Germain,0:2 (0:1),0,2,0,1
6. Journée,Paris Saint-Germain,Angers SCO,6:1 (2:0),6,1,2,0
6. Journée,RC Lens,AS Saint-Étienne,2:0 (1:0),2,0,1,0
6. Journée,OGC Nice,FC Nantes,2:1 (1:1),2,1,1,1
6. Journée,Montpellier HSC,Nîmes Olympique,0:1 (0:0),0,1,0,0
6. Journée,Girondins Bordeaux,Dijon FCO,3:0 (2:0),3,0,2,0
6. Journée,Stade Brest,AS Monaco,1:0 (1:0),1,0,1,0
6. Journée,FC Metz,FC Lorient,3:1 (1:1),3,1,1,1
6. Journée,RC Strasbourg,Lille OSC,0:3 (0:1),0,3,0,1
6. Journée,Stade Rennes,Stade Reims,2:2 (2:1),2,2,2,1
6. Journée,Olympique Lyon,Olympique Marseille,1:1 (1:1),1,1,1,1
7. Journée,Dijon FCO,Stade Rennes,1:1 (0:1),1,1,0,1
7. Journée,Nîmes Olympique,Paris Saint-Germain,0:4 (0:1),0,4,0,1
7. Journée,Stade Reims,FC Lorient,1:3 (1:0),1,3,1,0
7. Journée,Olympique Marseille,Girondins Bordeaux,3:1 (1:0),3,1,1,0
7. Journée,RC Strasbourg,Olympique Lyon,2:3 (1:3),2,3,1,3
7. Journée,Angers SCO,FC Metz,1:1 (1:1),1,1,1,1
7. Journée,AS Monaco,Montpellier HSC,1:1 (0:0),1,1,0,0
7. Journée,FC Nantes,Stade Brest,3:1 (2:0),3,1,2,0
7. Journée,AS Saint-Étienne,OGC Nice,1:3 (0:2),1,3,0,2
7. Journée,Lille OSC,RC Lens,4:0 (1:0),4,0,1,0
8. Journée,Stade Rennes,Angers SCO,1:2 (1:1),1,2,1,1
8. Journée,FC Lorient,Olympique Marseille,0:1 (0:0),0,1,0,0
8. Journée,Paris Saint-Germain,Dijon FCO,4:0 (2:0),4,0,2,0
8. Journée,Girondins Bordeaux,Nîmes Olympique,2:0 (0:0),2,0,0,0
8. Journée,Stade Brest,RC Strasbourg,0:3 (0:2),0,3,0,2
8. Journée,FC Metz,AS Saint-Étienne,2:0 (1:0),2,0,1,0
8. Journée,Montpellier HSC,Stade Reims,0:4 (0:3),0,4,0,3
8. Journée,OGC Nice,Lille OSC,1:1 (0:0),1,1,0,0
8. Journée,Olympique Lyon,AS Monaco,4:1 (4:0),4,1,4,0
8. Journée,RC Lens,FC Nantes,1:1 (1:0),1,1,1,0
9. Journée,Stade Rennes,Stade Brest,2:1 (0:0),2,1,0,0
9. Journée,FC Nantes,Paris Saint-Germain,0:3 (0:0),0,3,0,0
9. Journée,AS Saint-Étienne,Montpellier HSC,0:1 (0:1),0,1,0,1
9. Journée,Angers SCO,OGC Nice,0:3 (0:2),0,3,0,2
9. Journée,Dijon FCO,FC Lorient,0:0 (0:0),0,0,0,0
9. Journée,Nîmes Olympique,FC Metz,0:1 (0:1),0,1,0,1
9. Journée,Stade Reims,RC Strasbourg,2:1 (2:1),2,1,2,1
9. Journée,AS Monaco,Girondins Bordeaux,4:0 (3:0),4,0,3,0
9. Journée,Lille OSC,Olympique Lyon,1:1 (1:1),1,1,1,1
9. Journée,Olympique Marseille,RC Lens,0:1 (0:0),0,1,0,0
10. Journée,RC Strasbourg,Olympique Marseille,0:1 (0:0),0,1,0,0
10. Journée,Girondins Bordeaux,Montpellier HSC,0:2 (0:0),0,2,0,0
10. Journée,Paris Saint-Germain,Stade Rennes,3:0 (2:0),3,0,2,0
10. Journée,Stade Brest,Lille OSC,3:2 (3:1),3,2,3,1
10. Journée,RC Lens,Stade Reims,4:4 (1:0),4,4,1,0
10. Journée,FC Lorient,FC Nantes,0:2 (0:0),0,2,0,0
10. Journée,FC Metz,Dijon FCO,1:1 (1:1),1,1,1,1
10. Journée,Nîmes Olympique,Angers SCO,1:5 (0:2),1,5,0,2
10. Journée,OGC Nice,AS Monaco,1:2 (0:1),1,2,0,1
10. Journée,Olympique Lyon,AS Saint-Étienne,2:1 (0:1),2,1,0,1
11. Journée,Stade Rennes,Girondins Bordeaux,0:1 (0:1),0,1,0,1
11. Journée,AS Monaco,Paris Saint-Germain,3:2 (0:2),3,2,0,2
11. Journée,Stade Brest,AS Saint-Étienne,4:1 (4:1),4,1,4,1
11. Journée,FC Nantes,FC Metz,1:1 (1:1),1,1,1,1
11. Journée,Dijon FCO,RC Lens,0:1 (0:1),0,1,0,1
11. Journée,Montpellier HSC,RC Strasbourg,4:3 (3:3),4,3,3,3
11. Journée,Stade Reims,Nîmes Olympique,0:1 (0:0),0,1,0,0
11. Journée,Angers SCO,Olympique Lyon,0:1 (0:0),0,1,0,0
11. Journée,Lille OSC,FC Lorient,4:0 (1:0),4,0,1,0
11. Journée,Olympique Marseille,OGC Nice,3:2 (2:0),3,2,2,0
12. Journée,RC Strasbourg,Stade Rennes,1:1 (1:0),1,1,1,0
12. Journée,Olympique Marseille,FC Nantes,3:1 (2:0),3,1,2,0
12. Journée,Paris Saint-Germain,Girondins Bordeaux,2:2 (2:1),2,2,2,1
12. Journée,Olympique Lyon,Stade Reims,3:0 (1:0),3,0,1,0
12. Journée,RC Lens,Angers SCO,1:3 (1:1),1,3,1,1
12. Journée,FC Lorient,Montpellier HSC,0:1 (0:0),0,1,0,0
12. Journée,FC Metz,Stade Brest,0:2 (0:1),0,2,0,1
12. Journée,AS Monaco,Nîmes Olympique,3:0 (1:0),3,0,1,0
12. Journée,OGC Nice,Dijon FCO,1:3 (0:2),1,3,0,2
12. Journée,AS Saint-Étienne,Lille OSC,1:1 (1:0),1,1,1,0
13. Journée,Nîmes Olympique,Olympique Marseille,0:2 (0:0),0,2,0,0
13. Journée,Stade Rennes,RC Lens,0:2 (0:1),0,2,0,1
13. Journée,Montpellier HSC,Paris Saint-Germain,1:3 (1:1),1,3,1,1
13. Journée,Lille OSC,AS Monaco,2:1 (0:0),2,1,0,0
13. Journée,Angers SCO,FC Lorient,2:0 (1:0),2,0,1,0
13. Journée,Girondins Bordeaux,Stade Brest,1:0 (0:0),1,0,0,0
13. Journée,Dijon FCO,AS Saint-Étienne,0:0 (0:0),0,0,0,0
13. Journée,FC Nantes,RC Strasbourg,0:4 (0:2),0,4,0,2
13. Journée,Stade Reims,OGC Nice,0:0 (0:0),0,0,0,0
13. Journée,FC Metz,Olympique Lyon,1:3 (0:1),1,3,0,1
14. Journée,AS Saint-Étienne,Angers SCO,0:0 (0:0),0,0,0,0
14. Journée,Olympique Marseille,AS Monaco,2:1 (2:0),2,1,2,0
14. Journée,RC Lens,Montpellier HSC,2:3 (1:2),2,3,1,2
14. Journée,OGC Nice,Stade Rennes,0:1 (0:1),0,1,0,1
14. Journée,Stade Brest,Stade Reims,2:1 (1:0),2,1,1,0
14. Journée,FC Lorient,Nîmes Olympique,3:0 (2:0),3,0,2,0
14. Journée,FC Nantes,Dijon FCO,1:1 (1:0),1,1,1,0
14. Journée,RC Strasbourg,FC Metz,2:2 (0:1),2,2,0,1
14. Journée,Lille OSC,Girondins Bordeaux,2:1 (2:1),2,1,2,1
14. Journée,Paris Saint-Germain,Olympique Lyon,0:1 (0:1),0,1,0,1
15. Journée,Angers SCO,RC Strasbourg,0:2 (0:0),0,2,0,0
15. Journée,Dijon FCO,Lille OSC,0:2 (0:1),0,2,0,1
15. Journée,Montpellier HSC,FC Metz,0:2 (0:0),0,2,0,0
15. Journée,Nîmes Olympique,OGC Nice,0:2 (0:0),0,2,0,0
15. Journée,Stade Reims,FC Nantes,3:2 (0:1),3,2,0,1
15. Journée,Girondins Bordeaux,AS Saint-Étienne,1:2 (1:1),1,2,1,1
15. Journée,Olympique Lyon,Stade Brest,2:2 (0:1),2,2,0,1
15. Journée,AS Monaco,RC Lens,0:3 (0:3),0,3,0,3
15. Journée,Paris Saint-Germain,FC Lorient,2:0 (0:0),2,0,0,0
15. Journée,Stade Rennes,Olympique Marseille,2:1 (0:1),2,1,0,1
16. Journée,FC Metz,RC Lens,2:0 (1:0),2,0,1,0
16. Journée,Olympique Marseille,Stade Reims,1:1 (1:1),1,1,1,1
16. Journée,OGC Nice,Olympique Lyon,1:4 (1:2),1,4,1,2
16. Journée,Stade Brest,Montpellier HSC,2:2 (0:1),2,2,0,1
16. Journée,Dijon FCO,AS Monaco,0:1 (0:1),0,1,0,1
16. Journée,FC Nantes,Angers SCO,1:1 (0:1),1,1,0,1
16. Journée,AS Saint-Étienne,Nîmes Olympique,2:2 (1:1),2,2,1,1
16. Journée,RC Strasbourg,Girondins Bordeaux,0:2 (0:1),0,2,0,1
16. Journée,FC Lorient,Stade Rennes,0:3 (0:1),0,3,0,1
16. Journée,Lille OSC,Paris Saint-Germain,0:0 (0:0),0,0,0,0
17. Journée,Girondins Bordeaux,Stade Reims,1:3 (0:2),1,3,0,2
17. Journée,RC Lens,Stade Brest,2:1 (2:0),2,1,2,0
17. Journée,OGC Nice,FC Lorient,2:2 (2:0),2,2,2,0
17. Journée,Nîmes Olympique,Dijon FCO,1:3 (1:0),1,3,1,0
17. Journée,Stade Rennes,FC Metz,1:0 (0:0),1,0,0,0
17. Journée,Angers SCO,Olympique Marseille,2:1 (2:0),2,1,2,0
17. Journée,Olympique Lyon,FC Nantes,3:0 (3:0),3,0,3,0
17. Journée,AS Monaco,AS Saint-Étienne,2:2 (1:2),2,2,1,2
17. Journée,Montpellier HSC,Lille OSC,2:3 (0:1),2,3,0,1
17. Journée,Paris Saint-Germain,RC Strasbourg,4:0 (1:0),4,0,1,0
18. Journée,Stade Brest,OGC Nice,2:0 (2:0),2,0,2,0
18. Journée,FC Lorient,AS Monaco,2:5 (1:1),2,5,1,1
18. Journée,FC Metz,Girondins Bordeaux,0:0 (0:0),0,0,0,0
18. Journée,FC Nantes,Stade Rennes,0:0 (0:0),0,0,0,0
18. Journée,RC Strasbourg,Nîmes Olympique,5:0 (3:0),5,0,3,0
18. Journée,Lille OSC,Angers SCO,1:2 (1:2),1,2,1,2
18. Journée,Olympique Lyon,RC Lens,3:2 (1:0),3,2,1,0
18. Journée,Olympique Marseille,Montpellier HSC,3:1 (1:0),3,1,1,0
18. Journée,Stade Reims,Dijon FCO,0:0 (0:0),0,0,0,0
18. Journée,AS Saint-Étienne,Paris Saint-Germain,1:1 (1:1),1,1,1,1
19. Journée,Girondins Bordeaux,FC Lorient,2:1 (2:1),2,1,2,1
19. Journée,Dijon FCO,Olympique Marseille,0:0 (0:0),0,0,0,0
19. Journée,RC Lens,RC Strasbourg,0:1 (0:1),0,1,0,1
19. Journée,FC Metz,OGC Nice,1:1 (0:1),1,1,0,1
19. Journée,AS Monaco,Angers SCO,3:0 (1:0),3,0,1,0
19. Journée,Montpellier HSC,FC Nantes,1:1 (1:0),1,1,1,0
19. Journée,Nîmes Olympique,Lille OSC,0:1 (0:1),0,1,0,1
19. Journée,Paris Saint-Germain,Stade Brest,3:0 (1:0),3,0,1,0
19. Journée,Stade Reims,AS Saint-Étienne,3:1 (2:0),3,1,2,0
19. Journée,Stade Rennes,Olympique Lyon,2:2 (1:0),2,2,1,0
20. Journée,Montpellier HSC,AS Monaco,2:3 (0:2),2,3,0,2
20. Journée,Olympique Marseille,Nîmes Olympique,1:2 (0:0),1,2,0,0
20. Journée,Angers SCO,Paris Saint-Germain,0:1 (0:0),0,1,0,0
20. Journée,Stade Brest,Stade Rennes,1:2 (1:1),1,2,1,1
20. Journée,FC Nantes,RC Lens,1:1 (1:0),1,1,1,0
20. Journée,OGC Nice,Girondins Bordeaux,0:3 (0:0),0,3,0,0
20. Journée,RC Strasbourg,AS Saint-Étienne,1:0 (1:0),1,0,1,0
20. Journée,Lille OSC,Stade Reims,2:1 (0:1),2,1,0,1
20. Journée,Olympique Lyon,FC Metz,0:1 (0:0),0,1,0,0
20. Journée,FC Lorient,Dijon FCO,3:2 (1:2),3,2,1,2
21. Journée,Paris Saint-Germain,Montpellier HSC,4:0 (1:0),4,0,1,0
21. Journée,RC Lens,OGC Nice,0:1 (0:0),0,1,0,0
21. Journée,AS Monaco,Olympique Marseille,3:1 (0:1),3,1,0,1
21. Journée,Girondins Bordeaux,Angers SCO,2:1 (2:1),2,1,2,1
21. Journée,Dijon FCO,RC Strasbourg,1:1 (0:0),1,1,0,0
21. Journée,FC Metz,FC Nantes,2:0 (1:0),2,0,1,0
21. Journée,Stade Reims,Stade Brest,1:0 (1:0),1,0,1,0
21. Journée,Stade Rennes,Lille OSC,0:1 (0:1),0,1,0,1
21. Journée,AS Saint-Étienne,Olympique Lyon,0:5 (0:2),0,5,0,2
21. Journée,Nîmes Olympique,FC Lorient,1:0 (0:0),1,0,0,0
22. Journée,Olympique Lyon,Girondins Bordeaux,2:1 (1:0),2,1,1,0
22. Journée,Montpellier HSC,RC Lens,1:2 (0:1),1,2,0,1
22. Journée,OGC Nice,AS Saint-Étienne,0:1 (0:0),0,1,0,0
22. Journée,Angers SCO,Nîmes Olympique,3:1 (2:1),3,1,2,1
22. Journée,Stade Brest,FC Metz,2:4 (1:1),2,4,1,1
22. Journée,FC Lorient,Paris Saint-Germain,3:2 (1:1),3,2,1,1
22. Journée,RC Strasbourg,Stade Reims,0:1 (0:0),0,1,0,0
22. Journée,Lille OSC,Dijon FCO,1:0 (1:0),1,0,1,0
22. Journée,FC Nantes,AS Monaco,1:2 (0:1),1,2,0,1
22. Journée,Olympique Marseille,Stade Rennes,1:0 (0:0),1,0,0,0
23. Journée,Girondins Bordeaux,Lille OSC,0:3 (0:0),0,3,0,0
23. Journée,FC Metz,Montpellier HSC,1:1 (0:0),1,1,0,0
23. Journée,Stade Reims,Angers SCO,0:0 (0:0),0,0,0,0
23. Journée,Stade Rennes,FC Lorient,1:1 (1:0),1,1,1,0
23. Journée,RC Strasbourg,Stade Brest,2:2 (1:0),2,2,1,0
23. Journée,Dijon FCO,Olympique Lyon,0:1 (0:1),0,1,0,1
23. Journée,RC Lens,Olympique Marseille,2:2 (0:2),2,2,0,2
23. Journée,Paris Saint-Germain,Nîmes Olympique,3:0 (2:0),3,0,2,0
23. Journée,AS Saint-Étienne,FC Nantes,1:1 (0:1),1,1,0,1
23. Journée,AS Monaco,OGC Nice,2:1 (1:0),2,1,1,0
24. Journée,FC Lorient,Stade Reims,1:0 (0:0),1,0,0,0
24. Journée,Olympique Lyon,RC Strasbourg,3:0 (2:0),3,0,2,0
24. Journée,RC Lens,Stade Rennes,0:0 (0:0),0,0,0,0
24. Journée,Stade Brest,Girondins Bordeaux,2:1 (0:0),2,1,0,0
24. Journée,Montpellier HSC,Dijon FCO,4:2 (0:1),4,2,0,1
24. Journée,OGC Nice,Angers SCO,3:0 (2:0),3,0,2,0
24. Journée,Nîmes Olympique,AS Monaco,3:4 (2:2),3,4,2,2
24. Journée,AS Saint-Étienne,FC Metz,1:0 (1:0),1,0,1,0
24. Journée,FC Nantes,Lille OSC,0:2 (0:1),0,2,0,1
24. Journée,Olympique Marseille,Paris Saint-Germain,0:2 (0:2),0,2,0,2
25. Journée,Paris Saint-Germain,OGC Nice,2:1 (1:0),2,1,1,0
25. Journée,Stade Reims,RC Lens,1:1 (1:0),1,1,1,0
25. Journée,Olympique Lyon,Montpellier HSC,1:2 (1:1),1,2,1,1
25. Journée,AS Monaco,FC Lorient,2:2 (0:1),2,2,0,1
25. Journée,Angers SCO,FC Nantes,1:3 (1:2),1,3,1,2
25. Journée,Dijon FCO,Nîmes Olympique,0:2 (0:0),0,2,0,0
25. Journée,FC Metz,RC Strasbourg,1:2 (1:1),1,2,1,1
25. Journée,Stade Rennes,AS Saint-Étienne,0:2 (0:1),0,2,0,1
25. Journée,Lille OSC,Stade Brest,0:0 (0:0),0,0,0,0
25. Journée,Girondins Bordeaux,Olympique Marseille,0:0 (0:0),0,0,0,0
26. Journée,Stade Brest,Olympique Lyon,2:3 (0:3),2,3,0,3
26. Journée,AS Saint-Étienne,Stade Reims,1:1 (0:0),1,1,0,0
26. Journée,FC Nantes,Olympique Marseille,1:1 (0:0),1,1,0,0
26. Journée,Montpellier HSC,Stade Rennes,2:1 (2:0),2,1,2,0
26. Journée,RC Lens,Dijon FCO,2:1 (1:0),2,1,1,0
26. Journée,OGC Nice,FC Metz,1:2 (0:2),1,2,0,2
26. Journée,Nîmes Olympique,Girondins Bordeaux,2:0 (1:0),2,0,1,0
26. Journée,RC Strasbourg,Angers SCO,0:0 (0:0),0,0,0,0
26. Journée,FC Lorient,Lille OSC,1:4 (1:2),1,4,1,2
26. Journée,Paris Saint-Germain,AS Monaco,0:2 (0:1),0,2,0,1
27. Journée,Stade Rennes,OGC Nice,1:2 (1:1),1,2,1,1
27. Journée,Girondins Bordeaux,FC Metz,1:2 (1:0),1,2,1,0
27. Journée,Dijon FCO,Paris Saint-Germain,0:4 (0:2),0,4,0,2
27. Journée,AS Monaco,Stade Brest,2:0 (0:0),2,0,0,0
27. Journée,Angers SCO,RC Lens,2:2 (2:1),2,2,2,1
27. Journée,FC Lorient,AS Saint-Étienne,2:1 (0:1),2,1,0,1
27. Journée,Nîmes Olympique,FC Nantes,1:1 (0:1),1,1,0,1
27. Journée,Stade Reims,Montpellier HSC,0:0 (0:0),0,0,0,0
27. Journée,Lille OSC,RC Strasbourg,1:1 (0:1),1,1,0,1
27. Journée,Olympique Marseille,Olympique Lyon,1:1 (1:1),1,1,1,1
28. Journée,Stade Brest,Dijon FCO,3:1 (3:1),3,1,3,1
28. Journée,Olympique Lyon,Stade Rennes,1:0 (0:0),1,0,0,0
28. Journée,FC Metz,Angers SCO,0:1 (0:1),0,1,0,1
28. Journée,OGC Nice,Nîmes Olympique,2:1 (1:0),2,1,1,0
28. Journée,AS Saint-Étienne,RC Lens,2:3 (1:2),2,3,1,2
28. Journée,Girondins Bordeaux,Paris Saint-Germain,0:1 (0:1),0,1,0,1
28. Journée,Lille OSC,Olympique Marseille,2:0 (0:0),2,0,0,0
28. Journée,Montpellier HSC,FC Lorient,1:1 (1:1),1,1,1,1
28. Journée,FC Nantes,Stade Reims,1:2 (1:1),1,2,1,1
28. Journée,RC Strasbourg,AS Monaco,1:0 (0:0),1,0,0,0
29. Journée,Stade Reims,Olympique Lyon,1:1 (1:0),1,1,1,0
29. Journée,Angers SCO,AS Saint-Étienne,0:1 (0:0),0,1,0,0
29. Journée,Olympique Marseille,Stade Brest,3:1 (1:0),3,1,1,0
29. Journée,Nîmes Olympique,Montpellier HSC,1:1 (0:0),1,1,0,0
29. Journée,Dijon FCO,Girondins Bordeaux,1:3 (0:2),1,3,0,2
29. Journée,RC Lens,FC Metz,2:2 (2:1),2,2,2,1
29. Journée,FC Lorient,OGC Nice,1:1 (0:0),1,1,0,0
29. Journée,Stade Rennes,RC Strasbourg,1:0 (1:0),1,0,1,0
29. Journée,AS Monaco,Lille OSC,0:0 (0:0),0,0,0,0
29. Journée,Paris Saint-Germain,FC Nantes,1:2 (1:0),1,2,1,0
30. Journée,AS Saint-Étienne,AS Monaco,0:4 (0:1),0,4,0,1
30. Journée,FC Metz,Stade Rennes,1:3 (0:2),1,3,0,2
30. Journée,OGC Nice,Olympique Marseille,3:0 (1:0),3,0,1,0
30. Journée,RC Strasbourg,RC Lens,1:2 (1:2),1,2,1,2
30. Journée,Stade Brest,Angers SCO,0:0 (0:0),0,0,0,0
30. Journée,Dijon FCO,Stade Reims,0:1 (0:0),0,1,0,0
30. Journée,Montpellier HSC,Girondins Bordeaux,3:1 (1:1),3,1,1,1
30. Journée,FC Nantes,FC Lorient,1:1 (1:0),1,1,1,0
30. Journée,Lille OSC,Nîmes Olympique,1:2 (1:2),1,2,1,2
30. Journée,Olympique Lyon,Paris Saint-Germain,2:4 (0:2),2,4,0,2
31. Journée,AS Monaco,FC Metz,4:0 (0:0),4,0,0,0
31. Journée,Paris Saint-Germain,Lille OSC,0:1 (0:1),0,1,0,1
31. Journée,RC Lens,Olympique Lyon,1:1 (0:0),1,1,0,0
31. Journée,Angers SCO,Montpellier HSC,1:1 (0:0),1,1,0,0
31. Journée,Girondins Bordeaux,RC Strasbourg,2:3 (2:3),2,3,2,3
31. Journée,FC Lorient,Stade Brest,1:0 (1:0),1,0,1,0
31. Journée,FC Nantes,OGC Nice,1:2 (1:2),1,2,1,2
31. Journée,Stade Reims,Stade Rennes,2:2 (0:0),2,2,0,0
31. Journée,Nîmes Olympique,AS Saint-Étienne,0:2 (0:1),0,2,0,1
31. Journée,Olympique Marseille,Dijon FCO,2:0 (1:0),2,0,1,0
32. Journée,FC Metz,Lille OSC,0:2 (0:0),0,2,0,0
32. Journée,RC Strasbourg,Paris Saint-Germain,1:4 (0:3),1,4,0,3
32. Journée,Montpellier HSC,Olympique Marseille,3:3 (1:2),3,3,1,2
32. Journée,Stade Rennes,FC Nantes,1:0 (0:0),1,0,0,0
32. Journée,Stade Brest,Nîmes Olympique,1:1 (1:1),1,1,1,1
32. Journée,RC Lens,FC Lorient,4:1 (2:1),4,1,2,1
32. Journée,OGC Nice,Stade Reims,0:0 (0:0),0,0,0,0
32. Journée,AS Saint-Étienne,Girondins Bordeaux,4:1 (2:1),4,1,2,1
32. Journée,AS Monaco,Dijon FCO,3:0 (0:0),3,0,0,0
32. Journée,Olympique Lyon,Angers SCO,3:0 (2:0),3,0,2,0
33. Journée,Lille OSC,Montpellier HSC,1:1 (0:1),1,1,0,1
33. Journée,Angers SCO,Stade Rennes,0:3 (0:1),0,3,0,1
33. Journée,Olympique Marseille,FC Lorient,3:2 (0:1),3,2,0,1
33. Journée,Paris Saint-Germain,AS Saint-Étienne,3:2 (0:0),3,2,0,0
33. Journée,Stade Brest,RC Lens,1:1 (1:0),1,1,1,0
33. Journée,Dijon FCO,OGC Nice,2:0 (0:0),2,0,0,0
33. Journée,Nîmes Olympique,RC Strasbourg,1:1 (0:0),1,1,0,0
33. Journée,Stade Reims,FC Metz,0:0 (0:0),0,0,0,0
33. Journée,Girondins Bordeaux,AS Monaco,0:3 (0:1),0,3,0,1
33. Journée,FC Nantes,Olympique Lyon,1:2 (0:2),1,2,0,2
34. Journée,Stade Reims,Olympique Marseille,1:3 (1:2),1,3,1,2
34. Journée,AS Saint-Étienne,Stade Brest,1:2 (1:0),1,2,1,0
34. Journée,FC Metz,Paris Saint-Germain,1:3 (0:1),1,3,0,1
34. Journée,OGC Nice,Montpellier HSC,3:1 (3:1),3,1,3,1
34. Journée,RC Lens,Nîmes Olympique,2:1 (1:0),2,1,1,0
34. Journée,FC Lorient,Girondins Bordeaux,4:1 (3:0),4,1,3,0
34. Journée,Stade Rennes,Dijon FCO,5:1 (1:1),5,1,1,1
34. Journée,RC Strasbourg,FC Nantes,1:2 (1:0),1,2,1,0
34. Journée,Angers SCO,AS Monaco,0:1 (0:0),0,1,0,0
34. Journée,Olympique Lyon,Lille OSC,2:3 (2:1),2,3,2,1
35. Journée,Olympique Marseille,RC Strasbourg,1:1 (0:0),1,1,0,0
35. Journée,Paris Saint-Germain,RC Lens,2:1 (1:0),2,1,1,0
35. Journée,Lille OSC,OGC Nice,2:0 (1:0),2,0,1,0
35. Journée,Girondins Bordeaux,Stade Rennes,1:0 (1:0),1,0,1,0
35. Journée,Stade Brest,FC Nantes,1:4 (0:2),1,4,0,2
35. Journée,Dijon FCO,FC Metz,1:5 (0:2),1,5,0,2
35. Journée,FC Lorient,Angers SCO,2:0 (1:0),2,0,1,0
35. Journée,Nîmes Olympique,Stade Reims,2:2 (0:1),2,2,0,1
35. Journée,Montpellier HSC,AS Saint-Étienne,1:2 (1:1),1,2,1,1
35. Journée,AS Monaco,Olympique Lyon,2:3 (1:0),2,3,1,0
36. Journée,RC Lens,Lille OSC,0:3 (0:2),0,3,0,2
36. Journée,FC Nantes,Girondins Bordeaux,3:0 (1:0),3,0,1,0
36. Journée,Olympique Lyon,FC Lorient,4:1 (0:0),4,1,0,0
36. Journée,AS Saint-Étienne,Olympique Marseille,1:0 (1:0),1,0,1,0
36. Journée,Angers SCO,Dijon FCO,3:0 (1:0),3,0,1,0
36. Journée,FC Metz,Nîmes Olympique,0:3 (0:0),0,3,0,0
36. Journée,OGC Nice,Stade Brest,3:2 (1:2),3,2,1,2
36. Journée,RC Strasbourg,Montpellier HSC,2:3 (0:1),2,3,0,1
36. Journée,Stade Reims,AS Monaco,0:1 (0:1),0,1,0,1
36. Journée,Stade Rennes,Paris Saint-Germain,1:1 (0:1),1,1,0,1
37. Journée,Girondins Bordeaux,RC Lens,3:0 (1:0),3,0,1,0
37. Journée,Dijon FCO,FC Nantes,0:4 (0:2),0,4,0,2
37. Journée,Lille OSC,AS Saint-Étienne,0:0 (0:0),0,0,0,0
37. Journée,FC Lorient,FC Metz,2:1 (1:0),2,1,1,0
37. Journée,Olympique Marseille,Angers SCO,3:2 (1:0),3,2,1,0
37. Journée,AS Monaco,Stade Rennes,2:1 (2:0),2,1,2,0
37. Journée,Montpellier HSC,Stade Brest,0:0 (0:0),0,0,0,0
37. Journée,OGC Nice,RC Strasbourg,0:2 (0:1),0,2,0,1
37. Journée,Nîmes Olympique,Olympique Lyon,2:5 (1:3),2,5,1,3
37. Journée,Paris Saint-Germain,Stade Reims,4:0 (2:0),4,0,2,0
38. Journée,Angers SCO,Lille OSC,1:2 (0:2),1,2,0,2
38. Journée,Stade Brest,Paris Saint-Germain,0:2 (0:1),0,2,0,1
38. Journée,RC Lens,AS Monaco,0:0 (0:0),0,0,0,0
38. Journée,Olympique Lyon,OGC Nice,2:3 (2:1),2,3,2,1
38. Journée,FC Metz,Olympique Marseille,1:1 (0:0),1,1,0,0
38. Journée,FC Nantes,Montpellier HSC,1:2 (1:1),1,2,1,1
38. Journée,Stade Reims,Girondins Bordeaux,1:2 (1:1),1,2,1,1
38. Journée,Stade Rennes,Nîmes Olympique,2:0 (1:0),2,0,1,0
38. Journée,AS Saint-Étienne,Dijon FCO,0:1 (0:1),0,1,0,1
38. Journée,RC Strasbourg,FC Lorient,1:1 (1:0),1,1,1,0